Id,Egap
13062,3.0087173
587,2.9600525
2333,2.8181036
7740,4.257669
9463,1.5065465
5652,0.9253928
8999,0.77807623
11427,5.2360168
3677,2.1480098
2200,0.2596867
3384,2.1485124
9808,0.089348264
12316,2.850461
3503,3.610293
1050,4.108553
10152,0.20772186
4642,5.399617
8043,2.2622983
4272,1.6704007
13114,2.3284774
12585,4.28662
5682,4.191146
3550,1.0124688
5290,1.123703
13010,1.7419021
13152,3.6933887
7914,3.0671403
5671,1.6958768
7291,1.179195
8457,3.5830164
11554,1.9061202
8712,3.7499352
2732,1.9832981
5523,1.0265752
2890,3.5113003
7605,1.0956491
5970,2.3592215
8319,2.8409472
6136,2.1440032
342,1.3366443
6646,4.1696434
5132,1.1805048
2729,0.9958234
1407,0.33403373
11633,1.075422
10307,0.8968925
5622,5.40199
7175,2.60844
1884,1.9546597
7753,1.6608384
4965,3.360473
5758,2.243252
9283,2.583771
8899,2.1199906
11298,2.4194958
9885,1.0198596
5554,5.0563436
11654,2.264366
12742,1.4904476
11185,3.8662472
4598,2.0951393
4960,4.042059
12958,2.3806648
8392,2.8481653
6635,2.9184778
2407,0.24452339
9531,3.6499171
4374,1.6473286
13182,1.0232209
3099,0.8180255
4941,2.927933
8780,1.005427
10954,3.5363035
9580,1.3947836
12972,2.5542116
940,1.3716578
6126,3.2950132
783,2.4086273
3664,1.2729837
1196,1.7713459
5282,1.9941937
1728,2.3043854
2856,3.0860002
10747,2.3500214
5980,0.5264742
3969,2.861726
9831,2.869511
3286,2.6434953
8659,2.9763134
8555,4.7401567
310,2.892323
7619,1.7803961
9796,1.6772702
12856,1.2452825
10964,1.95209
11556,1.5922216
5476,1.4520608
5090,0.68349445
9266,1.8776729
2467,5.1327767
2145,1.2447461
42,1.2842852
12355,4.2741294
12821,0.84648484
13217,2.6286173
2916,3.476761
3327,4.229647
7479,4.098966
6617,3.4900515
13413,3.1893442
8395,1.9889648
4214,2.5002897
11808,1.6605556
12696,1.1558203
11908,4.1289024
8503,1.331993
13433,2.6332994
480,1.7573532
12424,1.024464
9555,1.5291426
1777,0.66768414
9072,2.287997
8602,0.4641662
1905,2.9955285
11462,2.7546601
2382,2.9352894
5752,2.8974948
4807,1.7632457
7043,2.0159948
9374,2.5844023
6055,3.7198904
2771,1.2554948
12667,2.9016895
5069,1.78337
10637,0.7440135
3229,3.9245665
2787,0.38971165
2360,2.5174463
10195,1.5252763
4836,4.4331493
5874,2.8227663
5450,5.0680265
3973,2.851054
12845,1.0793197
13097,1.503677
4530,3.0477889
5722,1.5791596
7622,2.725696
1051,1.0588598
918,2.682716
117,0.8127295
2223,2.9578326
6078,4.022971
3347,1.7737937
10939,1.463848
1548,3.1980407
4038,2.774811
5820,4.5811777
9618,1.7649614
5470,2.0675437
6913,3.084819
8243,2.2817369
7927,2.3956032
13443,0.89228684
11944,2.1781523
10194,0.77236694
9398,3.7471926
8883,1.4527456
5310,1.0588598
7080,1.2904263
5488,1.4420038
9220,1.5706145
7329,2.1494956
3898,1.1272962
12524,1.0479387
387,4.4193563
4617,2.2838638
2643,1.6001358
12218,1.9352818
3,2.4351335
6650,4.135
2037,2.8338916
3711,2.5940833
13353,0.811002
3562,1.4429615
13450,5.117553
4134,2.8599613
13473,0.25119862
11570,2.0121882
10471,0.45876855
716,3.3730054
4814,1.2234517
12560,3.7043009
4063,1.4402066
10394,2.3876445
6734,3.7035716
3748,0.6900035
12184,2.499133
4545,2.2355072
13398,1.0851946
6808,1.6986076
7810,3.7876613
9070,3.5621426
10585,3.9233773
6479,1.5022596
11898,1.6411275
13581,0.79907864
12143,3.0151274
12275,3.5378733
7328,3.4542234
3428,2.8859966
9651,1.6721594
9314,3.3757832
4566,2.3389797
12141,2.4252255
1920,1.858606
3692,1.8014783
2797,1.5751388
10233,2.540703
2271,1.3075442
2931,3.1047332
12646,0.9238097
13361,0.90479296
2677,4.6730285
3848,1.1671629
861,4.4613657
1082,2.7470477
4459,2.5634217
5999,0.32995912
10431,3.779947
12152,3.7689884
3567,1.5953655
11580,1.8153647
2415,0.6490134
1243,2.2229767
421,1.2551895
10238,0.26315686
1149,1.6354243
9728,2.2514036
1959,1.4025241
4661,0.87284875
11722,3.2190073
6404,0.35651028
13621,1.7421595
4071,1.9922295
1626,2.0593987
10285,1.3854288
9354,0.4295094
9336,1.1182171
10917,1.8183806
4122,0.40732297
9385,4.9104443
6692,0.5173145
12861,1.8541459
5018,3.572083
1104,3.085374
5045,2.538123
4194,4.5184574
2742,2.6025207
13266,4.185684
8241,3.099659
551,1.9590725
8438,1.0053667
1014,6.7941136
12366,2.9635732
3648,3.1236472
238,0.9711333
9853,0.7338081
6495,2.186613
4068,2.5247197
12705,1.0420369
8607,1.8885313
13296,1.1100912
8338,4.437468
11371,0.20827441
3922,2.0101907
11302,1.5697355
3886,1.3757738
4690,0.75618404
1018,1.7112345
13476,1.6411275
621,2.21673
6052,4.199664
13121,1.5195408
4229,0.29645255
5900,2.0243123
10264,3.2387116
31,1.5158073
7500,2.0927622
7504,3.2558525
9209,1.9850768
1161,0.7054722
1075,0.33995125
4678,2.5538874
12035,3.195792
5369,1.5159929
8306,1.4343479
8660,5.278263
8685,0.5103132
3558,1.1112776
5206,0.9792971
5896,3.0496912
3289,4.6319404
3300,4.275234
800,4.4450316
8665,3.7331119
7624,2.9445784
10434,3.2304358
11329,3.8717117
9511,1.973496
8983,2.609727
12116,0.7718046
10094,3.4701233
9461,3.003209
1440,2.4927902
759,0.8511395
1361,0.47135797
2342,5.6132708
11468,3.2006328
9972,0.49474722
10541,2.236974
9325,2.423576
2107,4.3178062
3343,3.213935
6768,2.373004
11563,2.5242555
5769,2.3047426
2685,1.3083228
127,4.381862
2331,5.4233103
12725,5.3759303
9197,2.7046933
9234,0.5547941
12543,5.718598
10098,0.9611108
7290,1.2842289
12195,2.0610092
4512,1.7294112
11518,2.616347
8250,2.7701867
12871,0.6960731
1986,2.1627188
4716,0.4727261
9313,2.975073
8179,4.190989
1218,0.66768414
12387,1.3120282
2087,6.1047993
8035,2.9964075
407,0.47506046
11685,2.8935683
10417,2.34348
691,4.3441706
2960,4.2764163
12165,4.4331493
2747,2.1601734
11400,1.5022596
11847,2.2189076
5418,0.794828
12762,2.3479335
9636,4.066143
9931,0.7376727
3987,4.1828136
4192,1.203938
8535,1.2897199
12752,3.1778271
7457,1.594427
10483,2.9790623
4081,3.254516
3120,2.2339187
5925,2.8072703
1818,2.4445965
7972,4.28662
4100,4.1498027
3924,3.6427119
9255,2.8232417
8343,4.201763
9639,2.5891333
13787,0.6030909
3371,2.1168847
5117,1.3768222
11016,-0.04286612
1481,0.46611556
8246,3.8934033
8501,1.3422998
10121,4.192693
6693,2.7111328
955,1.0646994
7760,1.0212361
10351,1.9246613
8266,4.7543845
13757,3.167697
12978,2.528061
8378,3.72684
13245,0.9402144
7531,2.8567462
13067,0.8357699
6110,2.5152793
3602,1.646811
5570,1.9662056
4704,2.5672991
1564,0.61408496
6368,2.27965
1053,0.938241
9284,2.379607
8811,0.95807856
13356,0.39921835
12100,4.4331493
3765,1.1956427
7371,3.2753518
9567,2.917264
8928,0.15612721
9683,3.9822805
6637,0.9265064
11360,2.4788096
8410,1.4287606
10498,3.7692695
1789,3.1933
7450,0.6829588
323,1.9538329
12643,3.1479475
7305,1.7765468
6313,2.9094179
13677,3.1623654
6681,0.8992036
13194,4.8732514
3262,2.4927745
12044,3.194554
5656,1.2637526
9703,2.1980603
1722,0.4493294
1674,1.6056106
3893,2.2470195
3404,1.7933726
11351,3.4728115
10892,1.1450765
12391,4.426838
6224,2.4727232
1877,2.568777
13486,0.9047026
6193,2.0060625
6551,1.4407866
8517,2.343084
7325,1.2947685
4850,3.7249136
12039,4.239032
8703,4.607651
2691,0.9541805
7785,2.873358
12796,2.25891
9889,3.22024
6571,2.8493352
5485,4.9681067
6357,4.51167
12578,2.998607
13718,3.2638507
9005,0.9329454
65,1.5412177
11681,1.2063363
11356,0.9675574
11822,3.659706
3932,2.1200013
2396,1.5875562
5058,1.6700144
7223,3.6861823
12739,3.63399
9433,2.0815318
10475,2.4658053
8738,3.239991
9762,0.9908564
10520,2.501815
4265,1.1057799
8769,1.9988661
10080,2.8392308
12222,2.1923294
4978,3.2304358
4688,4.3863015
3904,3.5195165
3580,5.0583725
468,3.1807654
6707,2.5265703
1016,4.46857
825,1.7644591
12052,3.527794
6272,1.6200423
3324,2.9044328
6850,1.88524
5039,1.3694353
6577,1.5576298
2143,2.9864798
3536,1.7116208
9180,3.700704
6321,4.0113015
4406,1.5686439
508,0.45690122
6942,4.1019053
4072,3.8265653
10103,4.508022
4388,3.7045
9218,1.4295999
4820,3.3796833
10004,3.975144
10846,1.1035178
935,2.0382314
8861,4.2533593
10436,0.6538152
11626,3.2656455
5176,1.5641572
10487,3.3511403
4058,2.2330973
7790,0.85978425
1516,2.8476675
11457,3.7513978
584,2.6627831
8091,2.479687
5370,2.4608293
11794,4.3546
7826,1.3340592
12117,0.31127214
9345,0.89381194
352,3.2096088
1064,2.6106787
5433,4.1620398
11598,1.1786094
7685,1.999052
8955,3.0401237
12342,1.5998836
12848,2.6281533
3284,2.6141672
3022,2.0448284
3199,3.4555883
7951,1.5552235
2783,1.7568474
1757,1.8283236
8118,4.226294
7541,0.3545309
11692,4.031284
2300,0.42843866
6560,2.452594
2459,4.8877883
10536,1.8495531
6532,2.4167855
13236,3.7861514
4078,1.9437687
11558,1.95587
12095,2.2773204
695,5.6199517
9879,1.8147658
7779,2.6333444
10273,0.8145211
6198,3.4448903
4279,1.4723479
11753,3.7720263
10176,2.6641448
8727,3.8943644
2067,1.6537735
8773,2.209254
11542,2.4979136
10170,1.0739498
13776,3.3120816
5774,1.4343519
7424,2.0860193
760,1.4071689
11116,2.5506473
5270,4.205291
7363,4.396998
3921,4.375533
8280,3.9254549
2263,2.1403503
6441,1.5019146
11557,1.8753223
12635,4.1654897
8511,3.2951686
7865,2.023474
8896,1.247703
10841,3.7212255
12204,3.2213624
375,3.2803712
12948,2.2093008
8558,2.21673
13719,3.263648
7981,1.8867807
3773,1.1400939
2585,2.4434106
2115,1.6215173
2671,1.8731341
8257,2.6733572
2120,1.4972733
953,3.8483453
7653,3.3837464
5233,1.532173
4647,0.4852966
2429,3.9808998
2767,4.4331493
76,1.0353276
9359,0.54141784
9029,2.1006072
8754,2.1199906
10525,0.84264904
11412,0.46886897
10199,1.7374644
8234,2.646823
6217,1.7737937
5750,2.1912544
4109,2.423084
4673,0.507755
3897,1.278543
2615,1.5209349
1998,0.76373225
1032,0.34569487
1556,0.15171438
9365,0.8821968
5532,4.9415927
11569,2.323372
11197,2.4959052
10837,2.3123744
10486,1.5215571
6262,2.1689782
11282,1.5983844
296,0.44460478
6232,4.5502357
7599,0.8322752
1428,3.9595711
7939,3.7467663
9766,1.0179498
708,1.8945112
6023,1.9250787
2243,1.502882
9382,2.8008232
36,1.5412203
3940,2.0063515
11926,3.278224
9484,1.1147728
13524,1.1541995
4526,3.6474373
13087,1.9945492
885,0.1914341
7830,3.316355
9485,1.292015
7770,1.0254089
11180,2.6031857
8993,0.8545495
8756,1.6464802
2772,1.7062632
1395,4.9811296
9219,3.6941333
7156,4.492853
3902,0.43081316
3919,2.0886517
1276,2.8178396
13166,0.8001704
5990,0.85053897
12031,0.8559017
7302,4.3075843
4995,0.6163567
12841,0.9486218
7574,1.9916209
13204,1.1169895
13745,4.572539
11,1.5378563
4968,3.5325031
3983,2.72439
1739,2.9170806
6702,4.523557
8791,2.2780657
12577,0.37335908
471,0.99491423
3306,2.0525427
771,1.8534043
10510,1.5603938
5219,5.008674
9323,1.6411275
10919,2.5840423
1799,2.980872
1139,1.8862944
6675,1.076371
1712,1.7947451
7354,2.6747727
11004,3.6152887
10474,0.6175782
9386,1.9554527
3043,5.7473516
3905,3.313448
11317,2.811326
7999,0.5497801
11865,3.2606182
3749,1.5879289
8615,2.9491022
273,1.788652
13747,2.6028938
4411,3.1905768
6626,2.2051628
13197,3.0193791
10998,1.8587388
1696,2.8642843
13289,3.6937628
6767,1.2694902
9163,5.1954827
3935,2.7040474
3721,0.8859814
4715,1.4906569
3326,5.372752
6579,4.664499
13332,1.8008686
10057,0.6032137
4253,3.2356632
10153,5.087254
5548,1.7674451
1322,4.9867797
8357,2.6030347
6206,2.0007772
1372,0.8784446
9901,5.5961657
4469,3.1360974
9736,4.2152333
250,4.191146
12713,3.5111666
8252,4.231355
5260,0.361754
3734,4.63676
9431,0.43258712
5995,4.4331493
7048,4.478361
1079,1.3384695
12288,3.2905188
9779,1.2086598
3789,6.0945897
11272,3.3093312
6611,1.7834481
13354,3.2951381
6621,0.6709577
1094,0.53469336
2185,2.1220775
3323,4.551274
4085,1.597262
822,2.291959
8285,4.1392994
4651,1.4220084
8286,1.8519083
7345,0.97410715
6876,3.0193791
12464,3.542411
1263,2.7297857
2016,0.78241605
13447,1.279318
10709,3.335496
7600,5.3519754
13791,3.3804812
750,1.740309
4381,0.6320796
12721,1.8464926
13347,2.6523151
138,4.018001
7271,2.676364
4753,3.0722308
4315,0.32344887
5075,1.0773156
12765,3.7747593
11255,2.4911268
487,4.0236897
10446,1.613431
3614,2.4927902
11429,1.741023
6302,1.2241375
10108,1.141415
4788,3.1496108
3321,2.9310486
6619,5.108756
7866,2.7062926
5992,3.969671
6266,2.1610112
13131,1.253116
4781,1.5358493
4094,3.6499171
60,0.4796537
11856,5.5503826
6,3.7038133
11766,3.7825208
10373,1.3971584
6483,1.9706694
5336,2.8681674
12279,1.6404535
7255,1.1610705
769,6.0650163
13232,4.2978177
6822,1.0273821
12112,4.122797
686,1.9499884
8493,0.4894027
3706,1.5219612
975,0.79909503
12768,4.275234
1864,2.21673
4515,3.4038131
10729,2.4060738
10992,0.89212334
10809,2.3415074
11551,0.24874386
1569,2.5129857
12900,2.4733396
12632,0.76810265
2198,4.139031
742,1.9019157
3354,3.805075
2848,2.9901397
961,3.3326094
11883,4.081922
6218,1.5400844
18,1.0111852
725,2.8638453
7198,0.81697756
2131,1.4903355
8103,0.68896115
3480,2.2887094
264,1.7750796
8620,2.402694
12551,0.40732297
4423,1.6035849
2661,0.76829916
8908,2.5753708
873,0.83532
6319,1.9515249
6170,3.459225
5938,0.7267081
7937,2.880647
10793,2.9863403
6641,3.9297128
11918,1.9872131
6047,0.62010586
4466,2.438898
9177,5.896221
413,1.1180687
802,4.7278123
2721,2.1790152
5952,1.37664
13045,2.7546601
3342,0.9804043
2514,4.3473377
13120,1.8388206
13763,4.3764153
7847,2.3553236
7364,0.47265738
5062,1.5325031
520,2.416061
162,2.059311
11203,0.49748448
2033,1.7898258
1477,4.495213
1852,3.2711072
3637,0.34505844
7737,4.2392826
7469,4.0663695
6786,2.509728
4542,1.1148671
1186,2.3924193
8146,1.519044
3566,1.3209424
1380,1.9650353
2658,0.90243375
5744,5.1622787
12914,0.69418603
10975,1.599066
705,1.8328164
1213,1.513264
12005,2.3830197
5989,1.731944
805,4.562891
8677,1.3063595
13528,2.7246265
11906,1.0185759
5166,1.3932343
6946,3.4683073
3549,3.0763388
11159,0.29181486
6701,1.1711352
12102,3.237973
3722,3.9554973
3754,0.15593456
833,2.780038
6076,2.7320664
12310,6.7941136
10911,2.585539
8411,3.5710294
9859,0.40732297
13448,5.2463965
12954,1.2720953
3261,1.9964815
7244,4.3185215
967,4.2615566
3184,1.5570338
7537,1.5912089
462,0.5329299
2991,2.1736047
4996,1.8229446
13515,1.7304653
4028,3.394012
9112,1.9168931
13547,0.6628625
13212,0.083232604
7477,4.800247
2563,1.5475994
8726,2.5799146
4560,1.154056
2113,2.9202583
5391,0.6405772
4243,1.9145664
7976,1.4304725
6978,4.0432606
4693,0.9238097
1505,1.8848524
4648,5.045968
1724,4.5369596
4835,0.5464888
3517,1.5914415
4871,1.4010681
13061,1.1196986
1845,2.2349784
6928,1.9214354
286,1.0405635
6773,1.5022746
0,2.794244
5044,2.054783
13488,3.9918265
8800,1.4536563
4958,1.2930274
9505,1.3694744
7174,1.2247257
9638,0.648712
667,2.7889426
5922,3.6785727
1102,2.1418684
1,2.554396
4917,2.9462445
10762,5.057564
7429,3.8031914
3866,3.3652778
11099,4.5187407
11060,3.5963295
13629,1.7778337
11772,2.051803
8065,2.9407465
11129,3.7442107
12209,0.08698595
3287,1.9933914
13251,1.8264611
4331,1.9623865
3382,2.3687963
3623,0.5204575
7929,4.3734646
5013,3.0947983
12215,1.0574291
7396,1.616555
2550,2.752428
3534,3.3844419
8682,1.7475325
11447,3.329189
9236,1.8252361
5629,2.8700078
5788,3.974571
6666,3.00308
1973,2.7081575
2842,0.11940659
12754,5.2380066
5190,1.6089929
10854,0.8614912
10370,2.4774802
10555,4.82412
6178,1.2500509
13184,1.5125045
2634,5.763764
8150,3.4985507
7514,2.1936998
9773,3.6427119
9743,1.0754126
4044,1.372486
9032,3.003965
902,3.2848694
1984,3.2887263
552,4.112202
4778,1.819286
1241,2.71789
8858,1.2701297
8862,2.0789506
6273,2.1354113
2124,3.781604
13293,2.5803597
316,1.7353693
1723,0.68886745
1130,1.1941693
1430,0.70540726
13444,4.2872663
661,2.258086
9399,0.14496233
5973,0.79907864
12066,3.0640805
4643,3.6882393
8708,1.4522246
7286,1.3679638
1995,2.4573934
3116,4.3664713
3744,3.8454628
484,4.1261067
2211,1.871826
905,3.4694686
5048,1.1422452
10836,3.4547365
10997,2.4835339
9646,1.4692912
9432,3.1177638
7844,1.8332652
12107,1.4204861
10177,1.0470012
235,5.241037
8370,2.1188238
7032,1.2320927
2834,0.96956253
4685,2.3855605
7426,2.39867
8059,5.778165
3214,2.1030495
5028,0.8284084
11632,5.420306
10392,1.2052612
3328,2.6837256
4628,5.778165
10726,4.8461637
5600,0.16153933
12078,0.8397776
7807,0.9403083
3220,1.239289
12437,0.5808689
8569,2.529137
7257,2.0516634
13082,2.4351454
607,2.7614422
13813,3.150198
5163,3.871245
8471,1.2655287
10968,3.7120733
4448,2.2719166
6488,2.2785127
12253,1.6445347
10930,1.9533439
3349,3.3380425
7925,2.1199906
10803,1.627917
1647,2.364365
6105,2.3043766
3763,2.4354217
3926,1.6112916
3484,2.1456447
10013,2.6418612
5175,3.3502324
6215,1.6736997
3489,1.4820049
13823,2.047719
4111,2.9141154
6360,2.6249633
12397,1.8537918
12203,1.6391819
5655,3.0102956
5897,2.8335316
2560,3.0537655
12732,1.9556912
3294,2.7827454
10061,1.6677206
9424,0.7584852
5961,2.1936283
10076,1.6726357
3546,1.735148
4390,1.4847699
8277,1.1333176
726,2.1804342
11496,1.5159277
163,3.597047
5504,0.9347795
7414,2.932094
7061,3.9454339
6086,1.0456951
9030,3.9743302
9558,5.5618978
1290,2.7769194
6301,0.8562093
13077,1.9520457
6555,2.700672
9890,3.7669246
3282,2.646019
2631,2.573621
1480,0.81130373
12926,2.5370579
2279,2.1082847
7315,3.2145538
5568,4.4331493
3193,1.8331033
56,1.1381483
4233,0.4857646
8496,2.7238233
12879,0.49403852
372,0.85591483
12840,3.2469633
2504,1.2293222
6784,1.0893855
9591,2.1436892
12450,1.4391407
9584,0.8895261
13737,1.5878083
9073,1.8799511
555,1.1120405
10539,0.62394947
9445,1.3158904
9343,3.3739874
181,0.8654268
2076,1.506429
3355,2.9401898
11682,1.8141944
5218,3.1464462
8765,5.6253066
4613,1.5684232
7898,1.1791357
3322,3.320023
2535,0.3555043
5892,0.73487216
570,2.2066834
8166,1.3092433
504,0.6383197
10269,1.3854288
13701,2.2924151
957,0.60039735
5822,2.1818652
12065,2.2573442
10278,4.9802265
6100,2.6973007
6603,0.50574464
5041,4.1286044
2637,2.7546601
5862,5.2658873
10770,3.3529985
5557,0.69507205
3046,0.76366353
8898,4.8360677
4878,2.34348
2035,0.47083777
8782,3.5295024
6623,1.5742817
12349,0.5402495
9107,2.0209024
2057,4.2093043
9707,4.4331493
5676,1.2191072
12994,3.4566891
5329,3.0549479
740,3.3467853
5530,3.3710556
3369,5.4904504
3100,3.8573427
5721,3.588262
10797,2.5888283
10644,1.8876631
9062,1.1618721
3548,2.967156
1902,3.5035505
6546,1.8747871
1386,2.0927622
10244,0.8613337
12254,2.8181036
6205,3.5813565
13012,0.6128156
8330,3.4766183
12615,3.7038133
8002,2.291991
8539,2.9400568
640,0.19254522
11414,4.825845
2911,0.41527617
12169,2.885388
826,2.808425
5243,3.721555
12623,0.64764684
8272,3.5043674
5936,1.836693
9900,1.9332583
10909,1.0738764
13046,1.9507477
5347,0.6752425
2252,4.4697356
8864,2.0167115
11697,3.5470397
9293,1.8741837
12842,1.8643215
10079,0.92056537
10211,3.152116
6677,0.9912133
8823,3.187905
9273,3.6124675
10601,1.8140969
13038,1.2197247
8476,2.240899
6640,1.0619435
7510,2.5551133
10948,1.0071044
11760,0.473493
2672,5.134905
1393,2.5362206
10659,1.9273355
7318,1.6428152
12694,1.1048421
1955,1.9651253
781,1.2603793
6938,3.162639
7171,2.818267
298,1.3849247
8399,0.2945086
13340,3.5187905
4712,2.1495748
13567,0.61050564
6040,3.3499682
10396,0.15221421
11948,4.769127
5355,1.8242692
3471,3.2950132
114,1.7634851
9459,1.4598888
39,4.665494
8920,0.52588356
6303,2.9723587
371,4.4331493
1127,0.79167545
5482,1.0699003
11494,3.6867998
8208,3.4441674
1508,3.1568677
1091,2.8989606
10594,2.1661525
7583,4.4970465
4787,1.5372322
12934,1.3359395
4488,4.5217557
4125,3.2840052
4946,3.8355377
8444,0.34505844
8216,4.129248
3080,1.9830327
11664,0.416974
3028,3.8423705
10253,0.9267494
3918,1.5059412
10133,2.5441227
5919,3.8805447
6049,1.2908175
10444,1.1065321
11897,3.4075813
6114,5.551539
9928,0.7717296
2024,2.226466
611,2.2387834
3783,1.9154533
5360,3.1050773
7931,1.8157381
12000,5.4389386
9138,3.3430076
10743,4.37283
8937,2.0998237
12664,0.18432283
6087,1.2030873
9207,3.050166
1810,3.313448
13489,1.4057865
11423,4.3827252
5107,2.1937385
5780,1.08619
2444,0.27275708
7732,2.912866
77,4.0460267
1965,2.292067
7010,3.891474
1455,1.7013928
4896,1.2210732
3807,0.40378058
10482,1.4670749
325,0.60780984
11634,2.7657826
12297,3.0849333
3753,3.4427412
6426,0.48001963
514,1.4951112
380,2.4319642
13309,2.828783
3871,2.393921
9021,0.50117236
10597,3.3596256
12740,0.17308418
6601,2.8707228
5443,0.9541805
9973,0.76441944
1795,2.2723277
9518,0.42930526
5106,2.9964178
7634,2.0907376
11264,1.0437878
3957,1.0240302
4223,2.975903
4098,2.4096467
10926,2.9517105
5038,3.7692091
1326,3.1016688
8262,2.9108846
9519,3.9705584
8064,1.5636314
1868,0.36514324
13474,1.1034423
2306,2.4211931
13455,1.728163
11367,3.0742724
7392,1.0912925
4805,2.172556
4202,4.7562666
3876,0.49289352
11671,1.5249869
2247,2.5810444
10448,0.7086591
9064,2.0224798
359,3.828165
10587,4.115097
942,2.0647774
8742,4.4331493
9185,3.031743
135,2.275255
8155,1.4054028
8056,2.9318264
6696,5.377802
13200,1.6198281
7431,2.7766466
778,2.0754416
12819,0.5382561
8598,2.7575445
626,4.4686346
8610,0.19030373
4907,0.16850671
1794,2.590581
9907,1.6885265
10160,0.3291134
4463,3.1537433
12541,4.362754
6588,1.0680008
3194,2.8222756
1939,5.852907
2565,2.2497451
775,1.5291426
5580,2.1549532
6742,2.2421565
9414,4.152725
2592,3.6458554
3002,1.8994503
10912,4.14015
6992,3.5902894
934,0.6682256
4179,1.5686896
7208,1.9966042
7406,3.0293214
7288,1.3768222
6469,3.000761
600,4.279724
361,2.646654
34,0.8494209
11646,2.3625915
7546,1.8896573
8454,0.23429905
9869,2.6842453
3554,1.2825943
4564,3.409407
6277,0.75963664
6879,1.2341046
6261,0.91144586
8074,2.2095184
12733,3.3448367
6699,1.2584068
295,0.72279227
1867,4.531417
9852,1.517147
5071,2.0334105
863,2.3622315
5997,3.112742
1194,4.2506046
12396,2.6172836
1682,2.3649402
10512,2.0241432
11290,1.6318841
4789,4.7907796
8600,2.992414
12850,1.8964447
819,0.75974715
1874,1.6195219
9120,3.0374393
9190,2.0803535
9168,1.0801312
13761,4.0995755
1189,0.6633139
6274,2.1220775
10642,0.49912044
11499,2.7799675
9740,0.41260087
9733,1.7025058
1923,2.264685
8790,2.1976428
11947,1.7785524
4528,2.474659
5727,3.6635225
4865,1.1038011
3092,1.6008496
3875,2.0085611
4215,6.719578
4088,3.5168772
2572,2.399114
8442,2.8115866
5792,5.3647146
2171,1.6504782
11162,2.1395102
4579,2.3141825
12727,0.4193205
2862,5.186936
9052,1.3720131
5408,1.7520541
4796,2.0455852
349,1.5186522
11548,2.8820674
402,0.88349855
8134,3.8131745
672,1.6684121
7577,5.3283706
3709,1.0694242
2089,0.5468056
4176,2.3092074
367,2.1199906
3038,1.9760334
6196,1.2726811
10882,0.29595697
8261,2.1109095
16,1.2316484
1592,3.810879
11951,2.525638
5685,4.5886354
3241,5.7436457
5093,3.8509254
3393,3.2721705
4101,3.5337942
4556,3.3545332
8547,1.1531452
6649,1.7799371
7249,3.9578784
8508,2.9127066
144,1.7387205
7356,3.0485508
3767,0.87871
5214,6.0890274
3001,2.7803717
9855,3.6244063
5542,0.9490375
12,1.5412203
8269,1.1482196
2445,3.1974447
7422,0.574532
10534,4.21835
10344,1.1443843
9583,1.9258409
7521,3.0403495
5307,2.369942
6453,1.6175444
5773,1.3785198
10174,1.1711352
13678,2.1281314
4875,4.4224176
1906,4.4331493
2540,0.9963749
1224,4.7184024
4499,2.2792637
5178,1.4203491
925,1.3603578
6464,2.5286207
6680,2.296061
4966,1.5516051
12426,1.9622087
794,3.018806
6694,1.0969384
12501,3.8253176
3335,2.3275733
9482,0.5251984
11089,1.2804375
543,4.937475
625,1.5570338
1324,1.5141243
13553,1.3641394
6543,0.540543
1519,2.2432003
11683,5.778165
13162,1.1674092
1415,1.6395212
8808,3.431568
7891,0.7551078
5657,2.921859
7526,1.1470567
11833,0.6902264
11223,3.8570285
10055,5.2088
12367,3.3220289
2525,5.3837514
13688,3.1709359
8484,0.62863165
2736,0.9389515
1778,2.063495
697,0.6147265
3332,1.8534043
1144,2.3727005
6387,3.07722
5709,1.4987333
10145,1.7947558
5575,2.8578353
4097,2.3811154
322,0.81083816
6415,4.1649466
4994,1.5022596
13018,3.2289047
13033,4.459977
9095,3.269997
6526,0.366726
835,2.4064627
10877,1.9485625
10812,2.9685726
1813,1.4951112
10938,1.3548892
12150,3.2892804
3791,2.818534
8202,3.958242
9887,3.1449146
9472,2.1369815
3240,3.8316424
10132,1.5685192
374,1.6101037
524,3.0403411
2388,1.0926375
832,1.8077568
8375,2.737881
1604,2.9051445
2526,3.2373343
7178,3.6911254
84,4.2623544
6059,1.354265
1942,2.314652
3410,2.1909091
30,3.0590882
2983,3.2908547
13601,2.2053678
865,3.0145557
2356,2.4864795
6782,2.9273953
3601,2.1820087
10415,3.5974762
11661,3.3575797
6607,4.436294
3982,3.0836618
10362,3.3385456
2902,3.7004337
5723,2.6447828
5690,0.7175589
4576,0.54765797
12176,2.580632
7447,2.4925575
3452,0.9350028
1304,3.5766046
1339,2.6396508
7373,2.1407068
4384,4.3334985
2579,7.135436
10962,2.243252
7082,0.21178895
3431,1.3517094
9700,1.3098657
12245,2.2149384
147,0.68207294
9026,1.6708454
1350,2.2000935
3967,2.0592134
4385,2.1934307
5593,4.4331493
1561,2.381386
911,3.5534108
10457,3.4923053
10545,2.3104599
13570,3.3107777
5702,2.568515
7357,2.1291678
3862,1.237001
7162,3.0623274
9279,0.15542172
8331,1.3915985
608,5.464146
1021,2.2312658
4731,4.0561166
2330,1.6773509
13057,1.1156255
2493,0.9962137
10657,1.9751309
1184,0.4614298
1875,1.5901687
4439,5.550103
3812,0.52922654
11849,1.1340171
741,0.835055
11068,1.2733465
6227,2.9163811
3528,1.561004
4454,3.7231376
7218,2.6146567
714,0.49926403
3793,1.1831396
9520,2.511891
5786,1.2775183
9009,2.327575
10140,1.241847
2135,3.1788938
5478,3.0114608
11336,2.4390063
1287,1.904478
4410,1.3408955
10691,0.24897838
12658,2.6756647
5931,2.6243575
11276,2.54154
1037,2.698459
1470,4.6512656
13136,3.1142151
6440,0.70559347
11910,1.6938839
1585,1.7349128
5202,2.2705655
4585,1.5000956
2624,3.8881173
257,6.0155954
11852,0.25738135
2411,0.6486212
5324,0.75295246
7083,0.64301157
9963,2.3164651
12818,3.508593
13370,4.3037853
11469,0.57842755
11617,3.9921625
9448,5.198467
1394,4.817765
9037,0.60419637
3115,2.3293004
1025,3.1418014
11895,3.8570285
203,1.4626856
11053,3.3102787
4115,1.5022596
575,1.4562316
5535,2.4995372
6919,4.130279
2273,5.3778005
12301,2.5796669
9585,6.428143
12284,0.6038493
3087,4.370892
10583,5.4299536
10832,4.421849
8377,2.3526042
12164,4.5675592
2701,2.1875157
4148,2.624932
10739,2.279666
11357,4.4331493
10439,2.3782015
111,1.4412112
8363,0.23937874
11708,3.4591992
3021,4.5375347
882,5.0266914
5633,4.810749
12148,2.0373056
3453,2.0004342
6284,3.2248971
3339,0.7886302
1478,2.0808828
13072,1.4721355
6663,2.9780889
7066,1.6175987
13770,3.8435519
8885,2.4384117
10480,1.4350474
9652,2.1536524
602,2.3004177
6348,1.569584
5124,2.8647358
913,0.5840745
11449,3.1898077
1198,2.1395524
1765,3.6662147
9828,1.8550439
11799,0.9364682
5697,1.4312465
9649,1.544054
2389,4.6302166
8761,4.8256955
12097,4.9872794
5074,1.2165688
11098,5.247925
989,1.7159566
12892,1.1102035
3725,2.6039052
7456,1.0339158
8125,1.0119835
11843,1.2439574
2595,6.2297444
4083,1.265084
7745,1.2003462
7657,2.3130438
3254,1.2022631
3907,1.378092
11993,3.4456503
11687,2.5412335
8688,1.2071258
12021,4.1723804
8040,1.4554014
8143,2.9161825
13047,2.3650262
11921,1.8907205
9953,3.5869803
8129,0.78890014
11075,2.991396
13143,0.42476967
4727,0.811877
3296,2.7434092
5299,2.0055623
7299,3.1439075
10672,1.5080523
9147,1.3088913
1006,1.2937202
6851,2.7963238
11200,0.635228
6514,5.3724685
12493,1.3391455
13333,4.561714
178,1.2484282
3542,0.8163855
8165,2.1972609
1352,3.2123404
6108,2.7546601
8566,2.3781288
7582,2.1976428
26,4.2034187
2743,0.6310712
13407,2.8575296
1105,4.1433425
368,1.6641802
7511,3.6432137
11085,2.481088
567,2.0716197
5618,2.9187582
12241,5.6132708
7331,2.028452
881,2.1692421
3290,2.5445917
11547,3.7231376
8214,4.6997404
9939,2.6782715
6367,4.275234
12701,2.9679174
4951,1.7903128
369,2.177859
5292,0.93677413
1468,0.99468946
13380,3.4092102
4925,1.4595962
12673,0.91086036
8513,2.0907376
4884,0.49748448
5303,1.4451058
7601,2.1429455
6021,2.3293004
12659,2.3767586
3098,2.1415474
3465,2.680453
13670,3.6878526
12745,3.0237706
7855,3.0863342
11267,0.34617394
5677,3.872441
1544,3.4859438
6834,2.0715716
12706,3.230475
12832,1.4455014
13429,2.2935894
7505,3.7661662
7873,2.7098532
4228,1.1085559
10894,4.7352276
9800,2.6750693
12131,1.1333197
3599,2.3093193
7029,0.7417383
4422,2.4585707
13687,3.3118734
10961,0.47929403
5457,3.9393492
8171,4.870547
5764,1.1255473
9053,2.4812284
8089,2.720678
4827,2.648106
4313,1.9908003
10942,2.7409775
3411,3.2026837
4926,1.619659
8775,1.7622337
758,3.8229177
3426,0.65568066
1511,1.1317219
6399,4.919909
329,1.709568
10553,3.3005586
1471,1.6827413
1123,0.8522808
3395,2.8078456
12887,1.185804
10763,1.0792006
8796,3.547937
12099,5.329516
8704,4.549805
6950,1.4641696
4212,1.3914073
482,3.2884135
488,3.7633674
288,2.927933
13343,2.0057294
11334,4.2985606
3792,1.8473572
4430,1.1690661
12306,2.361979
12789,2.3092937
9111,2.2719576
1899,3.5880468
12773,2.0624664
12029,3.3739874
441,0.6538152
9761,0.8902595
3149,2.3696027
5531,3.364044
3402,3.5082717
4575,1.027515
4908,4.391378
10451,4.5696335
10349,2.595185
8294,0.3097928
3041,1.039591
7167,2.8920727
6024,1.5194287
13391,3.565529
1952,1.1583109
3923,2.1199906
3976,2.1419377
7307,0.3477716
10960,2.0389998
408,1.5986984
4696,1.3069868
7643,1.9128404
6414,3.0253506
5714,5.667797
10741,0.510933
11262,3.392444
11048,2.904241
5675,3.6229382
7994,2.2080731
1883,2.4068909
12924,2.421363
4634,1.4664923
13312,2.2553422
11349,1.7791647
13556,1.5590566
9813,3.0835252
7015,2.9728498
1291,1.9540343
3088,4.06034
8107,1.6402404
5965,2.1220775
4249,5.0284243
1667,2.2994127
8575,1.7743495
12714,4.231355
2400,0.5887501
104,3.7139738
11232,1.3034742
9803,4.344901
871,4.0931034
11289,1.231829
9114,3.0795202
7416,0.51133776
9637,1.6235553
12361,1.2874339
2262,3.4307816
1954,5.1489105
3463,2.171179
11868,1.756273
4664,3.8360488
2831,1.1687678
583,4.6140056
11188,3.1966403
1199,1.3952662
13283,0.83356595
5684,1.646811
9390,2.21673
5906,1.7713459
9894,1.1140198
9361,4.358819
2714,1.9526298
1759,2.212611
8324,1.0165713
12612,2.588174
4733,3.3609726
593,2.5702968
9956,2.1715307
13321,2.3757122
8449,3.2071936
1985,1.9817823
10379,4.4385333
8433,2.3808408
4106,0.47083777
4745,2.8083198
2022,1.8538464
3913,1.1264374
5835,1.2392827
1842,4.225856
11124,1.982916
7718,2.991396
785,3.1236472
9590,5.8121195
8979,3.84181
8640,0.97970283
11637,0.5820144
5842,4.1673703
6652,4.4331493
7903,3.8858464
542,4.779843
3732,3.022014
9243,3.5764425
3438,2.2946186
9439,1.5228316
2452,2.1253679
5103,2.3918023
11657,1.6549504
10179,2.3210475
7279,2.7200727
13525,1.9459736
12963,0.9504322
10927,2.4713147
4455,1.485246
1732,3.2070966
10449,1.78337
11183,0.9701664
4605,2.9126918
426,3.9109507
11559,4.003427
12761,3.87602
13219,1.7853872
8643,3.1672735
10777,1.7909477
8429,1.2527577
164,1.4784839
4980,0.90585005
2508,1.4160686
9046,0.778994
10043,2.3188825
11807,0.9413666
5149,2.7971096
3879,1.2878426
8946,1.1127137
4343,1.8443964
4774,1.4564025
12373,0.8172964
13625,5.0034356
2090,1.1389235
8356,2.949947
10131,2.7711399
9908,4.3141394
2527,1.1741024
12906,0.23816074
9334,2.0977204
1930,4.8321686
12372,1.8099592
12376,1.4152617
8336,2.4013877
7784,2.322911
13091,2.4925802
5497,0.97410715
3646,2.9202583
1132,0.59105265
11724,1.3803797
5913,3.2499008
7846,1.7159134
11533,1.5058606
8608,5.093251
5460,3.3828504
461,2.8623927
8029,1.389551
11248,1.7774537
7700,5.383728
533,4.15787
1974,0.9238097
7775,2.4897246
1663,4.0575733
3032,3.393977
8865,1.2717898
7070,2.0034473
3640,3.587158
1708,2.4945004
746,1.3732615
2368,2.7724323
13690,4.3602066
5724,1.8367999
6046,1.1800557
140,2.141241
9839,4.941961
11838,4.4331493
11929,0.75089973
10308,1.4312465
7772,2.9276931
5473,4.856528
11954,4.4953446
9249,2.897043
3235,0.59258354
13107,0.34041837
10376,3.72684
8565,2.4610322
3678,0.81368524
5847,2.6501682
477,2.4171233
11395,2.9169676
2552,1.3841099
10713,5.5302186
330,1.1593765
12051,1.2151135
7557,5.796968
9170,1.3372651
1042,0.7031018
13635,1.782212
10347,1.8212533
4622,2.4955354
10905,2.0344305
7968,0.5358749
7313,1.3171604
3064,4.496257
2289,1.4471139
580,3.3430076
12037,2.1762323
7682,1.6973612
4432,0.8152106
8355,0.93821484
3068,5.9488144
2815,2.2817369
2965,2.6313524
4204,0.52880555
2157,0.43544063
3995,2.508133
572,3.317446
9435,1.8715268
11047,3.3522143
3513,1.2131237
12121,1.2180694
9663,3.7271855
12167,5.3168244
7984,4.9338865
10228,4.656872
8203,1.7348828
7953,1.1431121
1622,3.7164867
6018,2.8418303
10866,1.6411275
1233,0.31414914
8668,2.00236
6569,2.9504137
10037,1.1132779
6442,1.2688556
4438,1.4585998
9992,2.4064627
6089,1.0754973
2808,5.2152615
8145,3.1148388
11861,3.9668627
10576,2.3486004
1950,0.5863812
13694,3.17783
663,1.9308074
10579,2.937795
8274,1.643632
3420,4.0262322
11344,3.5989754
12181,0.43981275
7072,1.2767209
12326,0.53143334
4505,4.290407
7158,2.50757
8646,2.5928013
4090,2.8765433
2328,4.667427
2625,0.7793566
8793,1.5431631
10819,1.4434751
1802,2.152282
6564,1.2221957
10406,4.2968783
2122,2.2592328
12257,3.5122697
12515,2.659098
963,2.6605842
7708,1.361229
7265,3.3396606
2260,1.4585998
7904,4.2320175
13031,0.54017735
11501,0.48367488
4667,2.9084294
1746,3.2105894
9691,0.7675345
4800,2.21673
9125,2.7971096
9672,1.6467592
11210,1.0482413
13238,3.4683743
293,3.44937
4779,0.7614746
4574,0.33403373
13171,2.8628292
4691,0.68758947
12156,3.7875612
9975,4.2694974
12693,1.5065465
11222,3.151835
11363,2.471446
10497,2.8722208
535,1.6978333
2668,1.3433053
4473,2.8903394
9877,0.6211101
4913,0.6829458
13335,2.6782715
9681,3.3107777
319,2.0516634
12331,2.2073567
2268,0.6230941
2495,2.3905847
13334,2.252524
7380,4.8355756
6592,2.9155855
10630,1.3706855
11899,1.9047664
2006,2.3903656
9403,2.9077754
4370,2.780038
5873,0.8651303
13224,2.184372
2739,1.2072319
9157,1.2586151
3459,2.8784723
8115,2.8073008
2820,2.736755
4232,2.2641764
12690,1.6398367
9664,3.0749462
5308,0.89130926
2556,0.3816838
2977,1.2075564
9884,2.7684023
6657,2.523148
11028,4.941961
3652,0.8873225
5861,1.7861726
11191,0.6515902
9299,1.7563832
6362,3.0931914
5070,3.711275
8382,3.8618493
12670,3.9236584
10184,3.922653
9282,2.9699883
6094,0.62138754
4912,1.5908614
3344,2.2641764
9627,4.7315836
2099,4.158997
6824,0.19520795
13083,2.9517105
7378,0.7684234
3638,2.3521724
2047,3.987337
9750,2.2771454
7211,3.0804727
734,2.672086
1619,1.8181405
3012,0.34656566
100,1.4067204
3359,4.403163
1313,1.9513845
11656,1.2572397
12607,1.3166784
7436,0.923206
5733,1.6239189
6836,4.345918
1495,0.34573582
12046,2.929784
5717,0.43411964
9102,3.0377407
849,1.5766433
12698,2.0094664
5594,4.976626
2162,1.3729087
6093,0.78283787
11389,1.1118661
1417,1.4605843
8768,5.22909
12155,2.568515
12671,0.47520858
7519,1.5009068
12126,4.6615896
4329,2.2503088
10046,2.3814933
11963,3.5815039
2490,1.1204274
13631,2.1506257
1503,2.819496
10827,3.502323
9633,2.3649402
10112,1.7386559
10435,3.2190063
8301,1.8576145
5627,3.8037047
4524,2.1148381
11133,4.0307927
3645,0.6834475
1238,0.89821184
9543,3.4482622
3997,3.2052581
2059,0.65862954
11535,0.3190251
9582,2.6937473
2381,3.8399274
1388,2.5517666
336,4.3426642
8460,3.2092688
1999,1.4757922
6793,3.828646
2795,6.034242
5394,1.6574347
5804,1.5268297
294,2.2839587
4061,4.908485
3236,3.9120226
5151,4.820136
394,2.1576183
8106,3.1782098
13192,1.0962336
12613,1.0773346
11927,4.46857
2509,4.545099
1240,0.36371872
8526,2.321786
11221,4.777495
9350,0.43806413
4095,2.4998987
2523,3.8740892
5375,4.4331493
10407,1.1711527
11444,3.3430076
11751,5.5577273
9588,4.656194
12875,4.9225473
7813,1.5340674
6929,1.1722765
4389,1.5790064
2079,2.8678272
13789,2.8044302
7212,2.032819
11813,1.5316074
12979,1.177328
12513,3.5619104
3408,0.34375745
5184,4.3546
509,0.26430923
3972,5.669344
12128,2.6261437
12307,4.6543236
6396,0.50000983
13715,2.7870553
9352,1.934386
9601,1.8496861
1976,3.0822933
10684,2.2315645
7633,1.5788776
4586,2.6886692
10134,2.4400697
12016,3.3835857
4066,2.428129
3034,1.0020413
13130,1.5892339
7996,1.337199
10461,0.506806
2578,0.36812204
3398,2.3578084
6732,1.443625
5680,2.822949
9449,4.080364
12592,2.5354311
9295,0.7335876
10693,3.2304358
836,0.99837536
1966,3.3192508
4700,0.9658046
1829,0.8749999
12226,2.7021651
2039,3.8501234
5133,1.2455516
5746,0.7863615
5830,1.0325624
6721,0.56331336
13598,3.216201
6750,0.8022216
707,2.0721807
8281,5.944881
7744,0.07744667
10110,0.7168547
8102,3.0135808
9031,1.9627773
2744,1.9226428
9694,2.3457503
9512,5.409316
10002,0.90812254
589,2.6219378
11220,3.0497293
6902,1.809399
5063,-0.006256421
7025,1.2177328
11983,3.4057171
2484,3.6610777
379,1.353955
12362,3.1906245
8873,0.8811865
7754,4.684598
3238,2.231442
209,0.6437791
9262,6.490321
2644,4.4331493
2053,0.5036161
2717,1.6259549
10137,2.791374
10528,2.330356
7173,2.7247756
4735,0.39252946
6127,2.671479
3719,3.1047485
4504,2.3678346
1678,2.656313
3292,2.5463543
8047,3.4606338
10390,2.3109813
10538,1.9669523
6033,1.5609947
6741,2.8665624
4011,1.9213384
1831,0.97908163
13514,4.748647
9460,4.1033306
12394,2.763024
2063,1.7017919
8921,0.98432875
8874,2.5147605
10708,2.107592
2477,1.2205901
3606,3.7637558
9305,0.91714084
9454,2.2182274
9077,0.5004838
6584,2.5029788
11446,1.5216228
1882,1.8534043
3274,4.11897
11731,3.7035716
183,0.5041161
62,3.5631883
12599,4.5142784
13702,1.4873067
11453,3.0714598
5977,3.2213092
13177,1.7739099
9324,2.4169788
2483,1.8252361
13800,2.9135098
8309,0.9592642
3530,4.348168
3908,3.7505286
6762,2.6870012
4734,4.3546
8423,2.657921
8909,1.0225456
702,1.4208772
2554,3.7173014
7617,3.3439884
2433,3.6582193
2005,0.74177027
7427,0.7881397
4282,2.6155818
7569,6.057674
13643,0.9687596
9136,1.3581572
7559,1.7151612
3361,0.4450275
3013,1.0254089
11695,3.1522653
11328,3.6937628
2985,2.906589
9468,0.88031316
7892,2.5888283
3544,2.0764403
1244,1.060863
8514,2.9916413
6062,3.2664347
11385,0.31151837
1193,0.90541774
8186,0.85418653
747,1.7420464
2751,1.0344304
4940,1.9014244
5491,2.1571183
12384,0.76226366
1080,2.2898147
5302,2.9243336
10589,3.367147
11543,1.5892527
5094,3.616667
7632,3.0751078
9166,3.4468448
793,3.1938133
8264,0.96622336
13838,2.5582435
8713,2.4931881
3178,2.5595236
11137,5.132421
13281,3.4936197
4769,0.25996965
160,1.4571377
467,3.457914
5027,2.5304277
5343,1.925365
3239,2.5369575
8421,4.639416
3441,2.9393778
834,3.409407
12409,2.0836403
224,1.3204447
6334,1.7213838
5955,1.2083766
11886,0.61954117
9849,2.8418765
8185,0.46832654
9745,3.9048667
1826,1.3402072
13310,1.5356822
7887,1.6411275
10294,4.4385333
9655,0.4581353
5796,3.5928342
12350,0.7717296
1510,1.5604393
1457,1.4204861
7722,4.150639
9938,1.2415116
9629,4.092867
8164,0.39710966
12173,1.9622277
657,2.5840423
13679,3.3352966
8061,1.5628299
4550,1.0813885
7967,1.8231175
11529,1.5949566
8322,0.32499567
11659,1.979553
7585,3.3353624
4762,3.023318
13464,2.7360811
3348,3.5791364
1707,2.1058815
1898,3.0076163
4916,3.3733406
12243,2.1209388
10563,1.8336504
9267,4.5788164
4274,1.4213865
541,2.5667906
3887,1.9147106
12258,1.8545706
9156,4.343094
7157,1.3991535
4962,2.8082426
5445,1.4223433
11690,1.6766839
1041,1.0557476
4710,1.742441
3259,0.36878732
920,2.5987675
13102,2.2030537
3132,1.3668524
70,1.3036408
7419,0.5914803
3992,0.9038877
9127,2.222805
12549,3.073208
3978,2.700672
11761,0.7053895
11101,1.4459208
10321,1.8164599
13571,0.3555043
9734,5.3588896
6934,3.7886944
2840,2.5401287
1785,1.3548754
11934,4.598775
13126,1.5792738
2766,3.6154523
7333,0.77507997
7071,3.7082288
13780,2.4287322
7950,2.9338963
285,2.614693
3291,2.0046127
8076,2.1920586
11924,0.66762775
11582,0.98861295
7801,2.1940162
11285,2.173527
6478,3.7218277
12510,3.0661829
10592,3.9806943
10831,0.72339374
7614,5.40547
11482,1.9070069
9947,3.8253176
9632,1.2831314
13799,2.9913268
7149,1.2477077
1838,1.3249034
13483,1.0772146
13673,2.8986545
13803,2.9618592
422,1.8951465
7726,6.1569066
3427,4.5827518
9622,4.6021633
156,1.4722935
5715,1.6350032
7415,3.6051276
1537,1.532757
10934,0.4418685
6760,2.4381359
4477,1.7898258
6208,2.3109813
11443,1.8458079
2292,4.453697
9004,0.93579876
7350,1.6100572
5632,2.8931305
9191,0.65500474
7656,1.1112776
1686,3.5592496
4547,1.4128492
9462,2.7971404
13208,5.467684
7137,0.9327588
11904,3.1569715
4880,4.705557
2636,3.5562873
9316,1.2680764
2775,0.6426671
9522,3.0193007
10851,2.5590847
1581,1.4599729
1764,1.326317
1106,2.354164
2656,5.802314
6874,2.3782423
8364,1.3930265
1108,1.3482324
5777,2.1588855
11959,1.3672268
4877,0.37528822
7046,4.179365
8135,0.13218965
7819,1.2334281
10124,1.4341637
894,1.8602933
612,3.5690475
8563,2.805749
6597,4.114008
9836,1.7236168
11907,1.3160437
5125,3.6661084
889,1.1939999
9821,3.473666
9179,2.716224
4077,1.6285889
7820,1.9335142
11824,2.691631
7854,2.2147274
2105,1.7843
8284,1.1506006
2166,4.2811265
8046,4.2694974
12990,1.6347654
13394,0.18745859
13658,2.114422
2398,1.0689678
9704,0.89784783
13186,3.6842434
10468,1.5513808
1134,2.971873
2481,2.2817369
13793,0.78077245
8153,2.851748
9794,2.2118611
8174,0.89379984
10251,2.8638453
3197,1.9003611
12249,2.300837
8067,3.1210358
4057,0.2698273
13308,1.3221382
2450,1.5003897
3312,0.44558418
1962,1.3935215
10985,4.2533593
5193,3.1016526
7069,3.913901
13330,4.4404497
6386,1.4118112
6956,2.0357945
4858,2.503524
13463,1.5254871
11694,0.65079004
3201,4.6601295
3027,2.5852473
12410,2.374216
13183,3.5350225
92,3.9679687
12712,3.1082525
7285,3.176603
5810,4.397388
3864,2.14378
4665,3.084975
1005,3.5309646
2982,0.33749935
12423,2.178969
1595,5.740003
12890,6.130479
9784,1.6306391
5770,1.1044984
5928,0.5244101
11831,1.7808273
9274,2.5779796
8984,2.394513
1793,3.0235362
3714,1.967686
11957,1.2086381
1420,2.7336106
12118,0.7830315
11149,0.37109163
6406,1.5890324
10738,1.4649637
10128,0.5144392
268,4.5595074
1058,0.642212
3031,3.3650286
3248,4.8989725
12325,1.3656603
8219,2.4316444
8945,0.29366842
9895,2.5772817
5489,1.0438366
13674,3.6448472
11033,0.8334814
136,4.648648
13561,3.9494698
7839,0.7946617
3057,1.4322289
2085,4.7719893
1219,1.4738086
5143,2.14378
9196,3.0459468
7268,0.96089935
10658,3.5440385
10243,1.6045709
4006,1.1786182
2082,1.5884968
13170,2.6761677
11305,2.9636102
2855,4.4331493
10577,2.1442397
12791,2.9202874
2915,4.724118
9611,3.8316774
5507,4.5393395
10571,1.9817449
12877,3.461222
9922,1.233683
2694,3.0193791
12178,2.6444345
10478,2.6984699
11249,0.5039771
12109,4.864842
13352,3.0426629
1506,0.6874921
13667,0.46611556
3809,0.86347866
4161,3.1069126
561,1.362526
99,3.765998
8744,0.96473277
5814,2.2641764
13551,1.983106
13810,2.1338034
6594,3.754234
2640,0.6140827
10312,4.5915356
2807,3.9643679
6889,3.167697
11049,2.4292126
6109,2.8782623
10500,2.336448
106,6.1297674
7598,3.4715486
968,2.5354311
4079,1.6397723
6794,2.019076
5085,0.54918957
13833,2.2145648
2869,4.4331493
9049,1.3166145
2713,2.594634
11805,2.6451213
9647,0.46611556
3416,2.168639
9524,2.4206889
3516,1.3122314
4773,5.758233
5459,1.9493366
5934,1.3727479
3756,2.470553
12882,1.4475298
11432,2.6571884
12946,4.4331493
642,0.7495359
12081,2.78547
5446,0.45072925
1249,2.8364098
10860,1.7603676
10828,1.2191072
9891,3.285581
11278,2.300087
1294,5.743221
6795,2.4950833
6752,0.39710966
10048,1.7419258
6422,2.5514433
3716,3.4579072
1572,2.0478616
7358,2.4082804
5449,2.8624468
5630,2.9509504
7560,3.700037
13503,2.3821714
8332,1.7618991
1013,4.7509184
8527,1.5846556
1423,4.1219864
10154,3.4606695
2806,4.3049593
5335,1.3482785
3356,1.8568498
9801,3.2738698
12967,4.1301074
7713,2.4421644
13538,1.2160131
10214,0.6911387
2688,1.3541173
168,1.496544
6914,2.9415152
9659,2.6853948
8759,2.240522
11337,1.1312659
1834,1.8694911
2003,4.182061
768,5.0005007
3017,4.322044
1288,2.1471426
3391,1.1529268
11607,3.1404953
287,1.5753372
12407,1.010069
12471,0.44774377
3060,1.7609817
194,2.8692672
3762,1.5780922
6004,2.6464682
9078,2.644675
4601,0.580729
5312,3.768658
345,4.051144
9993,3.43672
9870,3.948652
7460,1.3088913
59,1.1132779
5388,2.9517105
9725,3.0894434
9608,0.77050835
6220,3.1113384
7523,1.6396778
401,2.448131
2167,2.895281
6507,4.1052694
3111,3.8646924
11537,1.6194484
7260,1.1582122
8474,1.2608311
2518,3.371948
6807,1.8951465
10100,3.8295038
8360,3.6420116
797,2.4004622
5313,0.5327031
1690,3.9635549
4914,1.0538028
7543,0.52199584
3560,2.8212097
5838,2.9963953
1543,2.2955737
9388,3.0072937
4251,1.1382105
8875,0.9466329
458,1.9696637
1489,1.4403979
7170,1.6860967
5268,3.5155506
9581,1.8701826
13375,4.3702555
4159,2.5553982
1800,1.331985
4276,6.0535703
10227,1.6664757
9669,2.168252
10918,1.4377843
4429,2.4651213
8904,3.168261
8010,3.739833
10247,3.3858566
7120,5.636656
12443,2.1593096
3583,4.339842
11061,2.5916684
11855,1.721969
1844,3.9976325
1624,4.311423
1216,1.522739
1256,0.81644404
10825,3.1488447
11811,2.7617497
7956,2.6831784
12527,0.0982546
6116,3.455221
11946,3.7041667
806,2.857314
10595,1.5086241
11071,2.0540216
10951,1.331985
3545,0.5604385
8731,2.8669972
12650,4.2707915
4019,1.3663507
13706,3.5796633
11217,2.8925753
12267,0.6849327
4016,5.3519754
13560,1.3543961
11242,0.7871804
6068,3.1164975
7079,0.90632665
10711,5.3778005
2061,2.8019593
12055,1.6756368
2397,0.4303276
3553,0.85468423
4797,3.902461
11595,4.4212456
7595,1.813411
9876,2.255954
6568,1.1769203
7795,4.1587462
3555,0.673525
12075,3.9262214
10056,3.2092688
9358,3.7644677
13256,0.6840391
8578,1.4551113
5869,1.4594293
6139,3.050732
12296,1.8225943
10891,3.4347143
10753,1.2473617
4203,3.349031
8882,4.231355
7975,2.0676394
3195,3.3514123
11478,2.6522503
8019,1.792575
3297,2.7657826
2670,2.9567132
175,3.8188124
3584,0.3372494
5363,4.346441
2321,2.0167797
8190,2.4647152
10091,2.3560438
1422,3.151028
7815,1.270451
396,3.2770073
11127,0.75363106
13812,1.5205928
4957,4.071591
8995,2.2662504
5455,2.1199906
11650,3.655292
6125,0.68487704
1031,5.162728
13044,2.8181036
3082,1.0176696
507,2.1292562
7490,1.7580783
13109,2.0344043
11295,0.32088938
8453,3.1324666
1349,2.2250893
9643,1.1558203
11782,0.5275228
2699,1.646811
2992,2.412512
6709,0.93084234
9778,3.8085656
4868,2.3358514
459,1.1081986
11565,2.8688786
4235,3.4839168
1591,4.152724
8086,2.074463
1993,3.0492616
2133,2.075635
9719,3.2094548
13771,0.84292686
7918,2.3096719
4022,1.289947
897,2.1578662
1617,2.7175937
1935,1.1861987
1020,5.39039
8163,4.010463
12285,1.0834327
12401,2.2817369
1341,1.1935557
13519,0.5072484
1846,2.9845679
13768,1.5756111
5743,2.3218296
3604,3.1213262
7666,0.6495946
6558,3.1751637
13512,2.0436394
10369,2.9855382
11042,3.7916303
7837,2.9618614
8130,2.6891112
6924,1.083038
3941,2.21673
8994,3.1523001
3380,2.036013
4654,3.979339
2210,1.7063931
13064,1.2737076
11335,3.022698
9397,0.65568066
13831,0.4756564
4859,4.1313715
3314,2.3713796
6167,1.5420161
909,4.681804
2012,0.7161848
9656,4.881238
11121,2.3782256
6248,1.7684112
8099,0.67376775
2817,2.9576604
3682,0.7091847
4418,0.17531446
8816,0.9977071
4319,3.1767144
12469,1.5487885
1237,0.7653622
3761,0.7717296
13644,1.2913163
950,1.5616677
1084,3.0440757
6012,5.454903
10309,3.0422099
11346,0.75926644
2339,1.8932086
8694,1.1539611
211,4.4331493
722,1.761233
10301,4.7940083
416,3.7998886
8656,5.200916
4178,1.9535636
7552,2.1868334
189,0.6445631
12943,5.341883
4045,1.1400793
7095,4.681804
6789,2.158307
8098,3.481344
6777,1.359654
9509,2.9284635
12479,0.8180255
676,3.5348182
9322,1.6438184
206,6.0576158
3630,1.7422048
8024,0.11796149
4767,2.8244276
202,4.0663695
717,3.502323
7311,2.9068274
792,2.9227273
3334,1.4989452
4813,4.3531604
9714,0.72338325
3598,3.4960341
3434,1.8306472
5775,0.92614293
11184,0.38553578
11785,2.9294972
9362,3.558744
2299,1.9246831
12913,1.1796441
6756,2.6337004
3774,3.754234
10341,0.7278545
4963,0.620976
3826,1.8750343
12160,3.062981
3093,2.455303
9957,1.1139916
9287,1.5793155
13302,1.8565888
8242,1.2580366
9686,0.52575827
8740,1.7337064
11812,0.8790001
4636,2.8647358
10554,1.5277101
9100,2.4708402
9620,2.9751768
11553,3.6635876
1716,0.77938884
7177,3.2463748
1872,2.2219489
7399,1.3762286
3018,4.1629167
9503,0.19312435
240,0.8699201
12460,5.075141
698,3.0997188
13777,2.998607
440,3.399539
6722,1.3355246
5591,1.6941816
9574,0.47432533
8669,1.832196
4792,1.6845832
2492,3.753382
7420,5.1381307
2028,2.8058643
8758,0.19797716
11219,4.667427
1205,0.9428688
12421,3.765086
7664,1.1798509
1416,2.7935743
884,3.5226183
11769,4.484752
12140,0.59105265
1419,3.5729766
12240,3.525171
10883,1.7406888
7127,4.57825
11696,0.37896976
10258,2.9516847
4009,0.5318236
3943,1.1576263
12545,3.7777078
10125,3.0271256
1916,1.1072977
1203,1.483134
9904,1.2590103
5698,2.8533204
3653,1.406711
5957,0.9402144
5912,2.2087839
6886,3.9076
4631,0.2423507
3819,5.0548596
8892,4.8440995
7712,0.65615267
970,0.5911687
4327,3.7586086
10129,1.6094663
10068,0.7948989
4866,2.0548494
11379,4.0068965
1227,1.0254089
11178,2.2374349
786,2.5676894
4670,2.9551148
8889,0.70931035
3990,0.6829458
10969,3.0359023
3251,2.7127125
854,4.107511
10608,3.1398191
5658,2.2504141
5954,0.44664916
13221,0.8705576
2209,3.8730972
7474,1.8304595
883,2.1448202
1251,3.9393492
6254,1.7475325
10358,2.8849142
10535,1.5086546
5417,1.5595338
13037,3.3430076
350,1.6729436
11283,3.0789976
9886,2.0337176
9160,2.9956667
5987,4.7597623
12146,2.0932698
2814,3.4683743
5562,1.809399
5969,0.29310164
1156,0.934991
12862,5.958331
3571,2.9561837
7235,2.19879
7655,6.130479
4000,2.2949858
11415,1.4775515
10767,1.4854083
8786,3.2092688
8722,3.194917
12834,0.912875
11002,2.2638178
9556,0.7480757
12092,1.2698766
10880,2.5974903
8408,0.68487704
5215,2.65205
3025,3.9471793
7954,2.1199906
13393,0.47432533
9845,2.1199906
10824,2.1492007
7441,3.6260076
12072,2.8988814
9024,1.8252361
13318,0.7935363
10822,2.218116
9373,3.8910382
6349,1.6406012
1307,0.29146576
5322,1.8364571
3911,1.2230827
1384,1.5958921
936,3.106102
37,2.901802
603,2.4116023
5331,1.2841786
1616,3.8918836
13395,1.8914558
3435,0.56112206
4584,1.7562331
7112,1.6936697
3533,3.2036786
9341,3.745324
3526,4.281472
5688,4.4331493
11492,0.959268
4935,3.7108948
11532,1.671221
245,2.6665947
10223,0.6215111
6489,0.9055357
10288,1.6835645
4492,2.0074503
8523,2.991396
6174,4.1930437
6448,0.87051123
1549,2.3808692
7659,2.73759
6817,3.35048
11105,2.1199906
9425,1.0299203
10580,3.5115035
6271,4.639416
7270,1.2412974
13070,1.7524667
2189,3.0837972
7346,5.232715
2355,1.1887788
5112,1.9159127
12746,1.0254089
10562,2.5055733
12758,1.9608802
10326,2.5310411
13237,2.5018413
8989,1.720416
11538,1.0138702
10359,0.9920956
12429,2.2994127
13246,3.6941001
12144,4.264105
4117,1.4304725
5156,1.8705894
8349,3.513469
284,2.3507776
6134,4.654791
11140,2.2832663
11288,3.9101331
10582,2.474346
6434,4.364121
7673,1.4609877
4354,1.2489439
2805,0.51922226
8287,2.609727
78,1.789307
1453,3.6545522
3337,5.944881
5123,2.14068
4040,2.6944945
11736,4.976626
1870,3.962584
12778,1.6736997
7771,2.6901052
1267,0.6877236
12756,1.4374152
4047,0.85812294
2871,2.746368
10842,4.538033
10665,1.5149523
3455,1.7423768
13417,3.964749
2455,3.8311043
12205,2.1614141
3020,2.4208045
5444,1.4208242
11007,2.8181036
1155,0.99050546
8170,3.8504705
10297,3.1039927
4583,2.6915147
4378,1.4053259
7802,1.9086843
7698,2.1471426
2761,2.800613
13075,1.2434454
12988,3.8646924
4024,3.754414
5004,2.9708965
10955,2.1039796
433,0.51083946
972,1.7156566
4398,2.6839464
9489,1.6411275
6039,2.4701707
3362,2.6679206
212,1.4700159
382,2.4004552
5582,2.3470378
9063,3.098254
10229,2.1215677
13818,1.8643893
6632,1.3880191
11066,3.456967
6898,5.262843
12445,3.5547683
763,2.7455266
10272,0.86139584
8169,1.7218568
1024,3.205589
10084,1.5378557
6292,1.9150586
5870,2.7152264
6527,3.5036757
3192,5.852907
8440,3.2931437
11667,0.5811186
11536,1.6938099
7944,4.458606
5551,2.562959
4189,1.6643988
933,0.8345955
6351,3.7275507
2155,2.272716
7906,4.4576364
3209,3.0072937
4523,2.8191097
4894,2.2269623
7484,2.0201023
263,2.39867
3397,2.705431
4640,0.55716765
10760,5.4150677
3325,4.4331493
1788,4.115341
9088,1.0597593
13191,4.5588574
3069,1.101865
4326,2.0416749
3454,0.7937931
7965,6.297017
6769,2.1954598
10655,2.3007123
9662,0.4083839
6343,1.1705307
9769,1.1666005
6007,3.5405407
3330,2.472162
997,3.0448956
13021,2.347397
5060,3.19169
7292,2.0088415
12050,2.4381723
1618,1.9160858
13297,3.1630697
11512,0.25936404
6181,3.2585275
4681,4.6181297
1841,1.3394136
844,1.5769577
193,2.0443406
1486,0.39948216
11734,2.080258
12317,3.0444875
9529,2.5570903
6450,1.3176777
2491,3.210495
966,3.0836442
2424,0.69287074
6228,0.027021568
9958,1.1400797
11521,3.099659
6186,3.5575874
13439,1.5684909
8828,4.7646933
9412,2.464075
10643,3.0270364
4482,3.900895
11211,3.0634775
11291,1.6194484
11466,2.9168234
11520,1.5504647
1188,0.98054636
7555,1.7763239
3329,2.1743495
2949,3.2763033
6629,4.2136884
2786,0.6633139
9760,1.9889648
11678,3.6233938
10544,3.1124585
3701,2.253749
1363,1.7714336
11758,2.692595
8504,4.040091
1783,3.5815039
2881,6.309987
4927,0.5737682
1315,2.4802759
9685,1.9507477
5824,3.4343252
7706,2.212297
1008,3.7577608
10668,0.9840497
5109,3.189359
696,2.7409015
306,0.3749728
12707,3.4671292
13440,4.868472
2836,1.9440411
5766,4.4331493
13179,1.7943816
11574,0.7459742
8178,1.1165454
9791,0.6391402
2469,0.26371595
3740,2.1421013
8599,2.5112588
13020,0.49171323
6282,4.095472
6977,1.6677907
11426,4.20453
13386,1.930613
1610,3.5351665
13499,1.6726313
6370,2.0929513
12820,1.9351962
373,1.8835294
1045,0.9551439
6625,2.3243074
1919,4.23219
9235,2.21673
1090,3.5337942
11153,3.0663195
6044,0.41094324
13416,2.8115866
11584,2.2853744
11186,4.081397
10806,1.8858781
7995,1.1401862
1865,1.3727612
2738,1.0383992
4680,0.93966824
4998,3.3224971
1897,3.2943966
5573,1.2590103
1302,1.4474702
12329,0.7472194
4015,1.3445972
5763,1.8243699
4811,2.9641464
8009,2.1888661
2011,1.1486595
7693,2.394068
12505,2.5164473
9396,5.1302466
9086,2.8780668
8050,0.6361384
6502,0.44801265
10769,1.8288947
3508,3.6811333
1496,2.957094
9452,1.258247
2092,4.1762686
3166,3.2342265
4683,2.0153809
7110,0.83020294
10488,3.727252
8028,3.3194568
5235,1.7650275
4427,3.9444225
9186,0.80923307
4999,4.3806543
1081,1.8138893
13665,2.8242626
10705,1.3489295
9369,1.7672794
2788,1.9502934
2659,1.136473
6265,1.0288261
13808,1.2087135
4635,1.264133
11730,2.4872677
1956,3.8582847
513,2.1004605
2923,3.385245
9726,4.609224
2399,1.9479128
2139,2.1160755
8562,0.45297813
13396,3.5131116
11593,1.4904476
3510,0.50574464
13081,1.3049103
12414,1.1854991
5596,5.227048
12790,1.709384
13199,6.130479
1493,0.98780465
9075,1.08619
2269,3.0545073
6053,2.7728581
3960,2.752808
139,1.7843025
6135,0.811002
11732,2.503353
13569,0.8837444
5806,1.5226928
9592,2.54154
4730,2.7569864
6974,0.21425797
10641,3.243212
13390,4.9471626
3539,3.5801306
10611,3.7825208
12964,0.82345724
7239,3.8646924
4864,2.4942105
2546,1.3338184
3320,0.56142503
11253,3.2304358
9329,0.51579547
10929,2.7939777
2918,2.6782715
11670,5.6924796
10728,0.6751154
2165,2.0560386
4225,3.5337942
1069,2.877954
12313,1.0593851
11327,3.709853
10732,5.166134
10183,0.73676115
2380,1.2186329
3213,0.2394068
9446,0.9578179
10021,1.9933777
13453,1.6454444
1579,1.2685684
9677,2.2662504
9167,2.9756525
8886,4.373625
8082,1.351614
8426,4.9702044
9200,3.598247
5199,0.5403452
4848,1.9656882
9208,1.9932464
12770,0.95209616
6927,3.3545864
1306,3.1615498
11990,0.8189206
11204,2.1945293
12986,0.676171
13406,1.0185759
7306,1.8234099
13651,0.8283694
12400,2.8779576
9739,4.324053
3016,2.6471963
7652,0.7398208
2710,1.1746919
12418,2.6665535
13319,3.0229805
11571,2.6419985
13814,3.017259
4089,2.4125628
4937,1.5378101
519,5.621578
2990,2.4981265
10804,1.3499417
9205,1.28763
2987,1.4249904
4602,3.1645284
7312,2.497124
864,2.476009
7153,0.90085644
4014,1.6547344
6869,3.8419464
289,2.6355872
10749,4.804057
1713,3.3850167
2276,1.0196706
10768,1.6461323
9194,3.4013093
5888,0.61184764
2307,0.36489215
12383,2.2910016
6918,3.1140382
1580,4.4331493
4541,1.701587
12104,0.90038556
3958,3.4300702
560,2.303727
6511,1.6313109
13411,2.2269514
2236,2.7928896
6267,1.5862234
355,1.7247283
9441,4.4331493
13313,4.046303
1509,3.7320724
2118,2.521814
5829,0.2833484
12723,1.5874847
9612,2.8772123
4480,2.7283008
5383,1.9817731
4857,2.7702382
10920,1.2362475
780,1.1869025
9162,1.1048421
5858,1.916463
13346,1.1207874
13008,1.503625
10352,2.3485804
12895,1.6688737
1036,2.2956722
13239,2.9044328
2312,2.2145448
3058,1.447815
2617,1.751844
1784,1.7617918
8347,0.7159103
6257,4.107932
5879,1.5899646
3780,1.3268505
13149,0.36239317
3497,1.9231831
12812,4.531423
8432,2.659329
9548,4.4671135
8916,3.016789
2098,2.7953799
5668,1.36978
9155,5.83618
110,1.6324155
1949,1.1163793
4663,1.3296485
13579,2.8199124
8900,1.1831396
7462,0.73496366
3509,0.772213
9145,6.1297674
689,2.9163394
9105,2.1431642
7862,2.6060572
7572,0.46611556
4349,3.1723268
7494,2.868
1704,5.83618
10209,3.0265815
9596,1.5758744
13640,1.923358
2830,4.080867
9559,1.3518568
5902,1.0317208
1851,2.3226604
5631,2.04798
8224,2.15926
11788,2.4698496
12380,4.810749
4671,1.3670585
11477,1.3046693
12813,0.5336748
12105,2.5119915
3173,3.9874547
7853,3.4405973
5384,1.6941564
2231,1.4809086
2106,1.0815982
8422,1.2714217
5757,3.9201655
10621,1.8901825
7971,3.9454339
12997,0.6128156
3720,6.1297674
11828,2.1794112
8451,2.5492914
7231,0.39513385
11984,6.07422
8568,1.7646787
2194,2.4676201
5031,1.3122314
3727,3.0282028
13785,3.0018513
11010,1.169897
3487,2.8048942
6829,2.8181036
8859,3.4654908
6255,0.7478966
8570,2.409753
5751,3.0727947
6029,0.16865315
354,3.443737
1978,3.6342938
13462,2.4698496
601,4.2636404
11874,0.1451569
5971,0.7977703
13401,0.6943997
2454,4.681804
3746,3.0736148
5262,1.0824828
4976,3.2059388
547,3.0756524
3525,0.7678898
11814,0.9634447
11721,3.4904706
9291,0.13509157
7047,1.5441767
3437,3.459225
5737,4.61384
10149,3.737385
2953,3.6553357
6813,1.1032871
10800,0.5952382
9413,2.6267712
13779,1.4117346
11313,3.066839
11718,0.52487683
632,3.1315253
91,0.49282455
249,4.691317
11796,2.8199344
308,2.4468977
11628,0.8558699
9286,4.8068895
3986,4.4539795
1547,1.7632843
8655,2.2407281
10086,3.4628253
538,2.056388
12499,3.2243419
9071,0.2663005
3122,4.670098
6314,4.022582
2496,2.4990935
6608,0.4228146
8218,2.242371
8721,4.684879
9340,3.9921625
7751,0.68355405
12759,1.0250833
2212,2.353232
1599,1.0629847
11817,3.0344336
13566,5.3778005
11965,2.9583728
397,3.3581219
2207,2.9289753
599,1.954235
13764,1.2110044
2553,0.34394014
8948,1.1901208
8991,2.6730042
11631,4.955141
8785,3.0459468
11966,2.773172
8051,2.8291347
8351,1.7291083
4565,1.0975618
8961,1.725552
2386,5.3866124
10879,0.58407205
5386,1.909006
12985,0.20452563
12718,3.8296285
12485,1.447815
10259,2.1199906
4190,2.257443
4571,3.2126212
6124,2.7755396
1743,2.1933289
3633,1.625519
6939,0.36292627
4920,3.2642643
1369,1.5033822
6447,2.9328523
10994,3.7619348
6985,1.1703291
10178,1.3859959
8625,1.2864527
3230,3.8329754
7889,2.1220775
5330,1.1171991
578,2.3581462
10196,4.4932923
2769,1.1769203
5407,1.7947451
6513,0.51752466
5799,1.6815223
10400,0.4935118
5993,2.6429884
11372,0.79665047
13809,4.9411573
11309,3.8582132
13591,3.9236584
13603,2.7451026
8553,0.954209
7161,3.4596236
8428,2.0983748
9932,1.559427
3878,1.8784769
3485,4.949761
166,1.3168992
4553,1.1485871
12235,4.1189322
4138,0.9672174
2810,1.2265911
8917,0.719976
5237,5.3835382
765,6.057674
1063,0.6404975
7362,6.1929245
2390,1.3959945
12101,2.1918514
2899,3.1202757
6609,3.4077756
12921,2.0458975
1991,0.8038676
13797,1.5903771
9211,1.3758491
5437,0.70931035
5803,3.0477662
4162,5.7169967
11485,4.121874
13213,0.29407358
2961,1.4695778
9561,1.8234099
6723,0.93806106
2726,5.2196207
2338,2.1422138
13685,3.2693894
7986,1.5760739
2794,2.5051584
3610,1.4135765
13676,2.2455878
8368,1.7695382
2951,1.0254444
9241,1.023113
5009,2.0540216
1146,3.9086025
1893,2.5401268
9974,2.3849804
9811,2.943859
8123,0.2078348
2257,6.265037
3828,4.005845
6826,3.2887263
7534,2.4863846
400,1.971623
11120,1.5290543
404,2.8072996
10863,0.46611556
5585,3.8852415
2318,1.7422137
10020,0.5373482
2620,2.1952379
9864,1.8759389
4922,2.8101442
11195,2.9006379
11879,2.218433
1780,2.8082426
6582,2.327801
2048,1.43015
13206,2.8710887
12194,4.314257
10181,3.1189234
3687,4.46857
12321,2.1968937
3585,2.4180777
644,3.545588
10586,2.3551986
11773,1.7305967
9862,1.4781322
5626,1.3049768
5462,4.2897587
11503,2.1858833
3588,5.063651
6943,3.4471211
7088,1.8364571
3085,5.6504374
7799,1.3252879
8843,0.8868927
9668,1.9044175
13586,1.415647
6979,1.5765057
10250,0.4875646
11737,1.9035658
3007,1.8496861
12619,2.635144
2539,1.9917054
10990,1.5931357
2662,1.6447959
8784,1.1969221
7092,4.200498
7750,4.6911335
12815,2.8917491
7261,5.909932
10778,2.0951512
12605,1.9353018
5731,4.0136065
1312,0.46611556
12003,2.3107345
10523,3.8195317
11870,0.4362917
6243,0.44450474
2872,2.9326138
11340,3.415397
8700,2.5105135
8879,2.3261113
12638,1.7251116
2760,0.6630648
2284,5.669344
1670,2.6059747
3751,4.1402903
8248,1.0993621
12340,4.0091596
5023,2.3216417
7089,2.831885
2933,4.045921
3225,2.2276955
4588,4.139623
9735,2.9411228
3412,1.9702624
12902,3.329189
7766,3.0321817
4554,1.0467573
2969,0.9315888
3827,0.5909881
12663,2.1154392
7516,3.1305203
7280,2.0904665
6697,4.1629167
5660,0.79327273
2255,3.1514194
2464,2.0192199
10617,3.2203836
6175,1.3095435
7282,1.2262403
12074,0.3350257
8561,2.4995372
399,4.2044854
5451,2.1837409
3931,4.5821657
12049,1.4735199
12188,2.760907
2574,0.49289352
10299,2.8454792
12601,2.516648
10602,1.9745567
3750,3.0187037
8053,2.2271767
13824,1.5035255
9695,2.2881327
5396,2.4727838
2638,3.7292743
8846,1.7632457
2597,5.0227532
9753,0.9696611
5846,4.4125814
7191,2.3374681
7568,2.0579858
10472,1.5662299
6988,1.735148
1932,3.8193364
2134,1.3245226
3336,1.3384695
2780,2.659098
5907,4.3515863
1694,0.89036655
5884,1.3871413
7852,0.5661406
11943,4.241991
11526,3.1706347
8923,1.2996264
12603,2.3516011
11668,2.7133167
6563,2.1706886
9000,0.42870843
6297,2.0746017
4104,2.4600303
9554,2.09702
5667,4.0073895
7278,1.7383753
6394,3.0605125
7321,1.5984058
8807,0.7846236
13421,1.467299
8183,4.123986
4046,2.3981626
8231,1.8947355
6792,1.8827446
13418,0.29575777
10764,2.6936748
6013,2.0880628
8260,3.7037497
8394,2.381527
7273,2.1920607
12232,2.7718627
6192,2.3573155
2894,1.4905039
8431,1.0654252
4236,1.6905662
6501,3.039689
13253,3.2752173
1889,0.12021273
1343,1.4213274
10429,4.3516455
79,4.4331493
8270,0.49426132
5836,2.1182206
11413,5.868923
12412,3.5849307
9809,2.294669
9965,5.8061647
10989,3.7825208
7640,4.375262
6300,1.8787569
5833,1.9339978
13364,4.454741
11258,2.7359235
5309,0.4446328
9780,2.7144291
10632,1.9220376
10104,1.4944397
12531,1.2821186
13649,3.571343
2422,3.299828
1940,2.635563
13366,0.501574
9871,3.2999785
13125,2.7505882
2727,2.1160755
12447,3.3620512
472,2.701467
8023,3.2630506
2567,3.1143649
8641,1.9680871
13802,2.6056612
12982,2.3310306
4183,1.735148
13540,2.969245
3401,2.3052783
8311,5.33901
6085,3.8423917
10458,3.4480088
11111,1.3411747
8371,5.8500495
7009,1.111678
11752,1.4642831
12872,3.5484135
3479,4.5244255
13759,2.9560506
45,0.8123061
2768,5.334531
8805,0.9238097
7478,1.78337
1116,2.68457
3198,4.999079
3985,1.0926368
5464,3.958856
10254,4.4331493
11343,5.1884155
8258,0.30315697
8308,2.4307725
8254,2.4174337
9698,4.4331493
12715,1.1805048
4154,1.8626463
10794,0.9121801
7690,2.1366162
353,3.9780374
9409,2.8514915
9033,2.9715223
9840,2.9192786
11348,1.7657417
4465,6.077384
12390,2.423084
2796,2.85022
7275,2.602027
6276,4.5342865
2456,2.275954
5338,3.085162
6770,5.0315075
5344,1.1619911
9960,1.495958
10734,1.4771954
3144,2.152282
12442,4.0440617
8944,2.4394255
5945,1.5405048
12283,6.0551896
6590,1.0962611
10114,1.3947836
1009,2.1939642
11608,0.40954572
10707,5.3957753
4175,1.4635551
11236,1.0268934
12919,1.0723386
2405,2.7048004
6494,2.0461123
8168,1.6101037
2021,6.317459
6783,3.7803097
6600,2.185963
7276,2.0212862
11174,4.2533593
2168,2.4302843
5566,4.0951095
3915,3.4672232
11851,2.87915
9357,2.6998696
8586,0.8019756
6115,2.4558423
393,1.2379771
1854,4.1205096
1173,0.6858552
1528,2.517923
13472,1.5630112
2237,1.4728785
3379,3.0386171
1273,0.4515087
5807,1.9430151
4754,3.1097925
108,0.46611556
7641,1.4867861
7194,1.7653288
3063,3.4824958
